                  epoch,         train/box_loss,         train/seg_loss,         train/cls_loss,         train/dfl_loss,   metrics/precision(B),      metrics/recall(B),       metrics/mAP50(B),    metrics/mAP50-95(B),   metrics/precision(M),      metrics/recall(M),       metrics/mAP50(M),    metrics/mAP50-95(M),           val/box_loss,           val/seg_loss,           val/cls_loss,           val/dfl_loss,                 lr/pg0,                 lr/pg1,                 lr/pg2
                      1,                 1.2131,                 2.9665,                 3.5719,                 1.2838,                0.53458,                0.22959,                0.22768,                0.15652,                0.50967,                0.22254,                 0.2186,                0.14663,                 1.4346,                 3.0402,                 2.6608,                 1.4228,             0.00013816,             0.00013816,             0.00013816
                      2,                 1.2498,                 2.7603,                 2.5135,                 1.2936,                0.54086,                0.25683,                0.25511,                0.17549,                0.52844,                0.25191,                 0.2484,                0.16022,                 1.4328,                 3.0832,                 2.3788,                 1.4213,             0.00027579,             0.00027579,             0.00027579
                      3,                 1.2576,                 2.7788,                 2.3709,                 1.2983,                0.50093,                0.25263,                0.25091,                0.16925,                0.48063,                0.24583,                0.23955,                 0.1523,                 1.4486,                 3.1149,                 2.2756,                  1.427,             0.00041204,             0.00041204,             0.00041204
                      4,                 1.2647,                 2.7997,                 2.2635,                 1.3067,                0.48436,                0.26166,                0.25867,                0.17072,                0.46509,                0.24953,                0.24975,                0.15532,                 1.4824,                 3.1209,                 2.2199,                 1.4379,             0.00041081,             0.00041081,             0.00041081
                      5,                 1.2559,                 2.7652,                 2.1698,                 1.2937,                0.50968,                0.25946,                0.26411,                0.17373,                 0.4857,                0.25337,                0.25461,                0.15587,                  1.487,                 3.0659,                 2.1905,                 1.4225,             0.00041081,             0.00041081,             0.00041081
                      6,                 1.2365,                 2.7274,                 2.1026,                  1.282,                0.52422,                0.26692,                0.27002,                0.18285,                0.51658,                0.25758,                0.26084,                0.15998,                 1.4507,                 3.0521,                 2.1395,                 1.4116,             0.00040874,             0.00040874,             0.00040874
                      7,                 1.2187,                  2.727,                 2.0526,                 1.2679,                 0.5688,                0.27753,                0.28955,                0.19817,                 0.5712,                0.26461,                0.27633,                0.17074,                 1.4289,                  3.029,                 2.0132,                 1.3993,             0.00040668,             0.00040668,             0.00040668
                      8,                 1.2119,                 2.7024,                 1.9821,                 1.2653,                 0.5774,                0.29074,                0.30472,                0.21718,                0.56733,                0.28338,                0.29191,                0.19014,                 1.3886,                 2.9876,                 1.8477,                 1.3656,             0.00040462,             0.00040462,             0.00040462
                      9,                 1.2063,                 2.6732,                 1.9445,                 1.2654,                0.58879,                0.27909,                0.29268,                0.20321,                0.56363,                0.27151,                0.27957,                0.18099,                 1.4012,                 2.9446,                  1.901,                 1.3653,             0.00040255,             0.00040255,             0.00040255
                     10,                 1.1856,                 2.6277,                  1.866,                 1.2457,                0.59335,                 0.2861,                0.30518,                0.21389,                0.56641,                0.27699,                0.29002,                 0.1852,                  1.361,                 2.9386,                 1.8115,                  1.339,             0.00040049,             0.00040049,             0.00040049
                     11,                 1.1977,                 2.6588,                 1.8573,                 1.2513,                 0.5596,                0.28874,                0.30313,                0.21015,                0.54864,                0.27976,                0.29311,                0.18821,                 1.3708,                 2.9091,                 1.8387,                 1.3429,             0.00039842,             0.00039842,             0.00039842
                     12,                 1.1785,                 2.6193,                 1.8253,                 1.2439,                0.61608,                0.27457,                0.30419,                0.21701,                0.58467,                0.26954,                 0.2912,                0.19029,                 1.3458,                 2.9187,                 1.8239,                 1.3412,             0.00039636,             0.00039636,             0.00039636
                     13,                 1.1637,                  2.577,                 1.7661,                 1.2363,                0.55358,                0.30619,                0.31402,                0.21939,                0.53214,                 0.2974,                0.30043,                 0.1937,                 1.3573,                 2.9261,                 1.7806,                 1.3343,             0.00039429,             0.00039429,             0.00039429
                     14,                 1.1628,                 2.5884,                 1.7309,                 1.2265,                0.58753,                0.31011,                0.32686,                0.23144,                0.57446,                0.30106,                0.31445,                0.20181,                 1.3431,                 2.9284,                  1.706,                 1.3299,             0.00039223,             0.00039223,             0.00039223
                     15,                 1.1401,                 2.5522,                 1.6753,                 1.2185,                 0.6393,                0.30139,                0.32962,                 0.2335,                0.62545,                 0.2911,                0.31716,                0.20638,                 1.3248,                 2.8594,                 1.7016,                 1.3147,             0.00039017,             0.00039017,             0.00039017
                     16,                 1.1557,                 2.5695,                 1.6906,                 1.2223,                  0.586,                0.31259,                 0.3323,                0.23506,                0.60974,                 0.2931,                0.31956,                0.20565,                 1.3201,                 2.8537,                  1.665,                 1.3084,              0.0003881,              0.0003881,              0.0003881
                     17,                 1.1514,                 2.5502,                 1.6637,                 1.2191,                0.58857,                0.31373,                0.32699,                0.23541,                0.58559,                0.30569,                 0.3164,                0.20835,                  1.318,                 2.8469,                 1.6793,                 1.3081,             0.00038604,             0.00038604,             0.00038604
                     18,                 1.1489,                 2.5484,                 1.6406,                 1.2126,                0.55766,                0.30752,                0.33171,                0.23663,                0.60925,                0.28614,                0.31968,                0.20734,                  1.306,                 2.8125,                 1.6633,                 1.2934,             0.00038397,             0.00038397,             0.00038397
                     19,                 1.1346,                 2.5077,                 1.6252,                 1.2112,                0.65702,                0.31689,                0.34878,                0.25003,                0.64752,                0.31058,                 0.3365,                0.22299,                 1.2975,                 2.8081,                 1.6136,                 1.2832,             0.00038191,             0.00038191,             0.00038191
                     20,                 1.1205,                 2.4856,                 1.5553,                 1.2014,                0.64909,                0.30567,                 0.3422,                 0.2438,                0.62925,                0.30086,                0.32925,                0.21486,                 1.3101,                 2.8292,                 1.6005,                 1.2953,             0.00037985,             0.00037985,             0.00037985
                     21,                 1.1205,                 2.4844,                 1.5568,                 1.2026,                0.63403,                 0.3155,                0.34674,                  0.253,                  0.619,                0.30845,                0.33284,                0.22004,                 1.2819,                 2.8132,                 1.5509,                 1.2636,             0.00037778,             0.00037778,             0.00037778
                     22,                 1.1211,                 2.5018,                 1.5273,                 1.1962,                0.61772,                0.31926,                0.33948,                0.24255,                0.59925,                0.31086,                0.32446,                  0.209,                 1.2931,                 2.8264,                 1.5903,                 1.2834,             0.00037572,             0.00037572,             0.00037572
                     23,                 1.1082,                 2.4669,                 1.5024,                 1.1891,                0.59779,                0.33007,                0.35069,                0.25037,                0.58593,                0.31613,                0.33545,                0.22344,                 1.2996,                 2.8398,                 1.5807,                 1.2884,             0.00037365,             0.00037365,             0.00037365
                     24,                 1.1237,                  2.492,                 1.5057,                 1.1921,                0.67948,                0.31918,                0.36118,                0.25827,                0.67644,                0.31033,                0.34847,                 0.2299,                  1.286,                 2.7591,                   1.52,                 1.2719,             0.00037159,             0.00037159,             0.00037159
                     25,                 1.1125,                 2.4764,                 1.4908,                 1.1949,                0.65525,                 0.3367,                0.36478,                0.26447,                0.64174,                0.32911,                0.35265,                 0.2336,                 1.2816,                 2.7957,                 1.4995,                 1.2738,             0.00036952,             0.00036952,             0.00036952
                     26,                 1.1014,                 2.4585,                 1.4718,                 1.1896,                0.64054,                0.33904,                0.36217,                0.26292,                0.63083,                0.32731,                0.34684,                0.23046,                 1.2618,                 2.7415,                 1.5168,                 1.2592,             0.00036746,             0.00036746,             0.00036746
                     27,                 1.0858,                 2.4331,                 1.4309,                 1.1777,                0.63395,                0.33829,                0.37014,                0.26712,                0.62284,                0.33119,                0.35563,                0.23318,                 1.2805,                 2.7877,                 1.5043,                 1.2682,              0.0003654,              0.0003654,              0.0003654
                     28,                 1.1037,                 2.4423,                 1.4352,                 1.1835,                0.68146,                0.33431,                 0.3696,                 0.2686,                 0.6523,                0.32449,                0.35363,                0.23786,                 1.2492,                 2.7426,                 1.4674,                 1.2518,             0.00036333,             0.00036333,             0.00036333
                     29,                 1.0897,                 2.4391,                 1.4341,                 1.1848,                0.65301,                0.33726,                 0.3705,                0.26861,                0.64165,                0.33109,                0.35655,                 0.2346,                 1.2667,                 2.8073,                 1.4801,                 1.2482,             0.00036127,             0.00036127,             0.00036127
                     30,                 1.0941,                 2.4154,                 1.4105,                 1.1826,                0.68323,                 0.3362,                0.37702,                0.27357,                0.66324,                0.32682,                0.36036,                0.24019,                 1.2496,                  2.705,                 1.4353,                 1.2528,              0.0003592,              0.0003592,              0.0003592
                     31,                 1.0941,                 2.4148,                 1.3851,                  1.172,                0.65942,                0.34691,                0.37659,                0.27737,                0.64293,                0.33958,                0.36181,                0.24156,                 1.2413,                 2.7275,                 1.4164,                 1.2364,             0.00035714,             0.00035714,             0.00035714
                     32,                 1.0682,                 2.3897,                 1.3763,                 1.1659,                0.69428,                0.33955,                0.37754,                0.27462,                0.67262,                0.33182,                0.36265,                 0.2407,                 1.2347,                  2.729,                 1.4518,                 1.2401,             0.00035508,             0.00035508,             0.00035508
                     33,                 1.0639,                 2.3671,                 1.3711,                 1.1634,                0.66191,                 0.3521,                0.38129,                0.27804,                0.64646,                0.34624,                0.36735,                0.24449,                 1.2393,                 2.7067,                 1.4408,                 1.2413,             0.00035301,             0.00035301,             0.00035301
                     34,                 1.0856,                  2.416,                 1.3522,                 1.1629,                0.72342,                 0.3432,                0.38621,                0.28185,                0.71469,                0.33153,                0.36893,                0.24899,                 1.2377,                 2.7013,                 1.3862,                 1.2344,             0.00035095,             0.00035095,             0.00035095
                     35,                 1.0645,                 2.3681,                  1.349,                 1.1635,                0.66898,                0.35189,                0.39084,                0.28548,                0.66437,                0.34075,                 0.3752,                0.25001,                 1.2276,                 2.6714,                 1.3791,                 1.2342,             0.00034888,             0.00034888,             0.00034888
                     36,                 1.0715,                 2.3742,                 1.3395,                 1.1577,                0.68603,                0.35381,                0.38528,                0.28024,                0.66568,                0.34651,                0.37084,                0.24823,                 1.2153,                  2.673,                 1.3956,                 1.2266,             0.00034682,             0.00034682,             0.00034682
                     37,                 1.0534,                 2.3398,                 1.3238,                 1.1556,                0.69972,                0.35895,                0.39672,                0.29322,                0.69642,                0.34184,                0.37893,                0.25331,                 1.2039,                 2.6792,                 1.3656,                 1.2216,             0.00034475,             0.00034475,             0.00034475
                     38,                 1.0669,                 2.3842,                 1.3325,                 1.1601,                 0.6499,                 0.3628,                0.39781,                0.29514,                0.65937,                0.34808,                0.38113,                0.25695,                 1.2098,                 2.6585,                 1.3496,                 1.2112,             0.00034269,             0.00034269,             0.00034269
                     39,                 1.0552,                 2.3442,                 1.2888,                 1.1569,                0.72323,                0.35662,                0.39805,                0.29003,                0.70717,                0.34395,                0.37993,                0.25509,                 1.2126,                 2.6315,                  1.351,                 1.2166,             0.00034063,             0.00034063,             0.00034063
                     40,                 1.0421,                 2.3388,                 1.2804,                 1.1457,                 0.7063,                0.35929,                 0.3999,                 0.2957,                0.69787,                0.34852,                0.38593,                0.25969,                 1.2075,                 2.6431,                 1.3445,                 1.2241,             0.00033856,             0.00033856,             0.00033856
                     41,                  1.056,                 2.3329,                 1.3001,                 1.1557,                0.71285,                0.36295,                0.40419,                0.29633,                0.71405,                0.35243,                0.38927,                0.25921,                 1.2122,                 2.6586,                 1.3285,                 1.2159,              0.0003365,              0.0003365,              0.0003365
                     42,                 1.0358,                  2.327,                 1.2732,                 1.1453,                 0.6839,                0.37257,                0.40472,                0.30147,                0.68105,                0.35975,                0.38854,                0.26409,                 1.2024,                 2.6518,                 1.3151,                 1.2132,             0.00033443,             0.00033443,             0.00033443
                     43,                 1.0456,                 2.3365,                 1.2749,                 1.1453,                0.71987,                0.35634,                0.40295,                0.29666,                0.69625,                0.35002,                0.38796,                0.26036,                 1.2062,                 2.6074,                 1.3171,                  1.212,             0.00033237,             0.00033237,             0.00033237
                     44,                 1.0427,                 2.3346,                 1.2579,                 1.1444,                0.66959,                0.37393,                0.40662,                0.30011,                0.66401,                0.35934,                 0.3886,                0.26206,                 1.2049,                 2.6635,                 1.3299,                 1.2151,             0.00033031,             0.00033031,             0.00033031
                     45,                 1.0402,                 2.3123,                 1.2515,                 1.1423,                0.75156,                0.36616,                0.41099,                0.30602,                0.73071,                0.35183,                0.39091,                0.26707,                 1.1887,                 2.6367,                 1.2991,                 1.2012,             0.00032824,             0.00032824,             0.00032824
                     46,                  1.031,                 2.2962,                 1.2429,                 1.1317,                0.70615,                0.36559,                 0.4079,                0.30146,                0.70129,                 0.3522,                0.39031,                0.26101,                 1.1885,                 2.6521,                 1.3192,                 1.1932,             0.00032618,             0.00032618,             0.00032618
                     47,                 1.0381,                 2.3201,                  1.256,                 1.1448,                 0.7256,                0.36849,                0.41536,                0.30678,                0.71388,                0.35536,                0.39764,                0.26673,                 1.1853,                 2.6202,                 1.2927,                 1.2026,             0.00032411,             0.00032411,             0.00032411
                     48,                 1.0373,                 2.3137,                  1.243,                 1.1406,                0.70309,                0.37695,                0.41623,                0.30616,                0.70933,                0.36354,                0.39783,                0.26583,                 1.1858,                 2.5945,                 1.3015,                  1.201,             0.00032205,             0.00032205,             0.00032205
                     49,                 1.0295,                 2.2914,                 1.2323,                 1.1326,                0.68675,                0.37678,                0.41329,                0.31107,                0.68925,                0.36245,                0.39737,                0.26993,                 1.1708,                 2.6153,                 1.2911,                 1.1883,             0.00031998,             0.00031998,             0.00031998
                     50,                 1.0132,                 2.2604,                 1.2048,                 1.1294,                0.72392,                0.36835,                0.40845,                0.30639,                0.71623,                0.36106,                0.39469,                0.26749,                 1.1626,                 2.6517,                 1.2807,                 1.1911,             0.00031792,             0.00031792,             0.00031792
                     51,                 1.0225,                 2.2792,                 1.2181,                 1.1341,                0.71346,                0.37569,                0.41404,                0.31118,                0.69954,                0.36668,                0.40061,                0.27324,                 1.1724,                 2.6008,                 1.2682,                 1.1925,             0.00031586,             0.00031586,             0.00031586
                     52,                 1.0265,                 2.2797,                 1.2101,                 1.1387,                0.68895,                0.38706,                0.41851,                0.31577,                0.70539,                0.36581,                0.40039,                0.27501,                 1.1589,                 2.5449,                 1.2472,                 1.1808,             0.00031379,             0.00031379,             0.00031379
                     53,                 1.0241,                  2.283,                 1.2045,                 1.1279,                0.76553,                0.37018,                0.41929,                0.31761,                0.76907,                0.35919,                0.40445,                0.27843,                 1.1582,                 2.5864,                 1.2415,                 1.1719,             0.00031173,             0.00031173,             0.00031173
                     54,                 0.9926,                 2.2324,                 1.1627,                 1.1165,                0.75957,                0.37809,                0.42225,                 0.3181,                0.74676,                0.36761,                0.40486,                0.27615,                  1.155,                 2.5844,                 1.2354,                 1.1865,             0.00030966,             0.00030966,             0.00030966
                     55,                 1.0143,                 2.2778,                 1.1716,                 1.1181,                0.72406,                0.38424,                 0.4227,                0.32101,                0.71489,                0.37566,                 0.4082,                0.28128,                  1.144,                 2.5714,                 1.2173,                 1.1739,              0.0003076,              0.0003076,              0.0003076
                     56,                 1.0049,                 2.2467,                 1.1681,                 1.1176,                 0.7372,                 0.3817,                0.42379,                0.32125,                0.73738,                 0.3663,                0.40581,                0.27889,                 1.1514,                 2.5955,                 1.2221,                 1.1688,             0.00030554,             0.00030554,             0.00030554
                     57,                 1.0221,                 2.2677,                 1.1652,                 1.1232,                0.75941,                 0.3757,                0.42595,                0.32556,                0.75916,                0.36563,                 0.4099,                0.28234,                 1.1495,                 2.5726,                 1.2091,                 1.1707,             0.00030347,             0.00030347,             0.00030347
                     58,                  1.008,                 2.2433,                 1.1586,                 1.1222,                0.74954,                0.38138,                0.42473,                 0.3204,                0.74055,                0.37327,                0.41006,                0.28081,                 1.1363,                 2.5524,                 1.2206,                 1.1605,             0.00030141,             0.00030141,             0.00030141
                     59,                0.99199,                 2.2149,                 1.1553,                 1.1128,                0.71304,                0.38694,                0.42667,                0.32359,                 0.7171,                0.37777,                0.41411,                0.28338,                 1.1424,                 2.5771,                 1.2098,                 1.1649,             0.00029934,             0.00029934,             0.00029934
                     60,                 1.0061,                 2.2504,                 1.1528,                 1.1164,                0.73942,                0.38068,                0.42619,                 0.3222,                0.73434,                 0.3695,                0.40829,                0.28178,                 1.1467,                 2.6002,                 1.2116,                 1.1709,             0.00029728,             0.00029728,             0.00029728
                     61,                0.99716,                 2.2278,                 1.1428,                 1.1155,                0.72062,                0.38926,                0.42861,                0.32638,                0.73852,                0.37244,                0.41313,                0.28356,                 1.1338,                 2.6038,                 1.1998,                 1.1607,             0.00029522,             0.00029522,             0.00029522
                     62,                0.99446,                 2.2159,                 1.1268,                 1.1149,                0.72616,                 0.3893,                0.42786,                0.32481,                0.70491,                0.37836,                0.40984,                 0.2798,                 1.1348,                 2.5327,                 1.2121,                 1.1616,             0.00029315,             0.00029315,             0.00029315
                     63,                0.99194,                 2.2258,                 1.1195,                 1.1089,                0.74721,                0.38386,                0.43487,                 0.3298,                0.74665,                0.37004,                0.41623,                0.28563,                 1.1246,                 2.5589,                 1.1941,                 1.1578,             0.00029109,             0.00029109,             0.00029109
                     64,                 1.0097,                 2.2525,                 1.1348,                  1.115,                0.73456,                 0.3928,                0.43385,                0.33042,                0.75203,                0.37452,                0.41826,                0.28902,                 1.1264,                 2.5211,                 1.1998,                 1.1573,             0.00028902,             0.00028902,             0.00028902
                     65,                0.97456,                 2.1908,                 1.1095,                 1.1084,                0.76328,                0.38442,                0.43473,                0.33474,                0.74526,                0.37568,                0.41827,                0.28887,                 1.1175,                 2.5278,                 1.1724,                 1.1529,             0.00028696,             0.00028696,             0.00028696
                     66,                0.98051,                  2.194,                 1.0979,                    1.1,                0.78236,                 0.3892,                0.44041,                0.33722,                0.76078,                0.38241,                0.42399,                0.29293,                 1.1189,                 2.5307,                  1.155,                 1.1461,             0.00028489,             0.00028489,             0.00028489
                     67,                0.98451,                 2.1976,                 1.1006,                 1.1011,                0.77363,                0.38674,                0.43785,                0.33266,                 0.7708,                0.37572,                0.42073,                0.28808,                 1.1246,                 2.5326,                  1.182,                 1.1564,             0.00028283,             0.00028283,             0.00028283
                     68,                0.97611,                 2.1761,                 1.1023,                  1.108,                0.77542,                0.38647,                 0.4365,                 0.3343,                0.76449,                0.37425,                0.41855,                0.29033,                 1.1132,                  2.546,                 1.1614,                  1.146,             0.00028077,             0.00028077,             0.00028077
                     69,                0.99904,                  2.228,                  1.126,                 1.1103,                0.76349,                0.38718,                0.43558,                0.33186,                0.75552,                0.37645,                0.41925,                  0.288,                 1.1286,                 2.5056,                 1.1678,                 1.1536,              0.0002787,              0.0002787,              0.0002787
                     70,                0.98924,                 2.2005,                 1.0955,                 1.1053,                0.76424,                0.39202,                0.43846,                0.33855,                0.74832,                0.38223,                0.42188,                0.29147,                 1.1119,                 2.5571,                 1.1451,                 1.1387,             0.00027664,             0.00027664,             0.00027664
                     71,                0.99204,                  2.219,                 1.0882,                 1.1053,                 0.7541,                0.39781,                0.44148,                0.33784,                0.76013,                0.37999,                0.42468,                0.29583,                 1.1092,                 2.5132,                 1.1433,                 1.1464,             0.00027457,             0.00027457,             0.00027457
                     72,                0.96206,                 2.1532,                 1.0575,                 1.0891,                0.78571,                0.38903,                0.44236,                0.33877,                0.74695,                0.38315,                0.42531,                0.29595,                 1.1026,                 2.5045,                 1.1316,                   1.14,             0.00027251,             0.00027251,             0.00027251
                     73,                0.98376,                 2.2098,                  1.077,                 1.0961,                0.74689,                0.39818,                 0.4392,                0.33417,                0.72841,                0.38404,                0.41681,                0.28779,                  1.118,                 2.5492,                 1.1611,                 1.1436,             0.00027045,             0.00027045,             0.00027045
                     74,                0.95959,                  2.148,                 1.0646,                 1.0934,                0.78678,                0.38853,                0.44522,                0.34238,                0.76657,                0.38153,                  0.426,                0.29565,                 1.0993,                 2.5029,                 1.1238,                 1.1341,             0.00026838,             0.00026838,             0.00026838
                     75,                0.98157,                 2.2012,                 1.0686,                 1.1015,                 0.7512,                0.39982,                0.44699,                0.34193,                0.76078,                0.38385,                0.42999,                0.29672,                 1.0956,                 2.4787,                 1.1218,                 1.1348,             0.00026632,             0.00026632,             0.00026632
                     76,                0.97727,                 2.1811,                 1.0693,                 1.0974,                0.75329,                0.40335,                0.44772,                0.34501,                0.73279,                0.39257,                0.42883,                0.29966,                  1.101,                 2.4976,                 1.1232,                 1.1365,             0.00026425,             0.00026425,             0.00026425
                     77,                0.96967,                 2.1783,                 1.0526,                 1.0897,                0.75886,                0.40183,                0.44949,                0.34404,                0.77484,                 0.3863,                0.43092,                0.29898,                 1.0962,                 2.4985,                 1.1094,                 1.1353,             0.00026219,             0.00026219,             0.00026219
                     78,                0.95432,                 2.1437,                 1.0298,                 1.0873,                0.75337,                0.40437,                 0.4463,                0.34016,                0.75444,                0.38755,                0.42759,                0.29513,                 1.0969,                 2.4839,                 1.1132,                 1.1365,             0.00026012,             0.00026012,             0.00026012
                     79,                0.96847,                 2.1744,                 1.0614,                 1.0947,                0.75184,                0.41049,                0.44995,                0.34685,                 0.7414,                0.39582,                0.43073,                0.29861,                 1.0876,                  2.508,                 1.1029,                 1.1293,             0.00025806,             0.00025806,             0.00025806
                     80,                0.95482,                 2.1593,                 1.0378,                 1.0885,                0.76744,                0.40915,                 0.4559,                0.35197,                0.77167,                0.39153,                0.43426,                0.30156,                 1.0744,                  2.474,                 1.0893,                 1.1218,               0.000256,               0.000256,               0.000256
                     81,                0.96888,                 2.1663,                 1.0494,                 1.0922,                0.78692,                0.40319,                0.44918,                0.34501,                0.77972,                0.39139,                0.42932,                0.29754,                 1.0867,                 2.4769,                 1.1187,                 1.1232,             0.00025393,             0.00025393,             0.00025393
                     82,                0.96416,                 2.1455,                  1.028,                 1.0876,                0.80174,                0.40345,                0.45439,                 0.3508,                0.78627,                 0.3904,                0.43424,                0.30338,                 1.0813,                 2.5072,                 1.0985,                 1.1245,             0.00025187,             0.00025187,             0.00025187
                     83,                0.94617,                 2.1279,                 1.0286,                 1.0856,                 0.8234,                0.39478,                 0.4524,                0.34868,                0.81993,                0.38412,                0.43734,                0.30243,                 1.0699,                 2.4949,                 1.0986,                 1.1257,              0.0002498,              0.0002498,              0.0002498
                     84,                0.94156,                 2.1116,                 1.0184,                 1.0836,                0.80014,                0.40295,                0.45408,                0.34973,                0.77917,                0.39493,                 0.4373,                0.30285,                 1.0672,                 2.4539,                 1.0874,                 1.1157,             0.00024774,             0.00024774,             0.00024774
                     85,                0.93996,                  2.101,                 1.0016,                 1.0766,                0.79217,                0.40514,                0.45394,                0.35122,                0.77585,                0.39827,                0.43814,                0.30375,                 1.0745,                 2.4854,                 1.0841,                 1.1194,             0.00024568,             0.00024568,             0.00024568
                     86,                0.94372,                 2.1175,                 1.0158,                 1.0811,                 0.7692,                0.41179,                0.45815,                0.35525,                0.79182,                0.39322,                0.43949,                0.30768,                 1.0623,                 2.4732,                 1.0699,                 1.1163,             0.00024361,             0.00024361,             0.00024361
                     87,                0.93591,                 2.0871,                0.99889,                 1.0772,                0.78161,                 0.4127,                0.46116,                0.35501,                0.76472,                0.40288,                0.44369,                 0.3068,                 1.0666,                 2.4638,                 1.0773,                 1.1164,             0.00024155,             0.00024155,             0.00024155
                     88,                0.94347,                 2.1256,                 1.0063,                 1.0767,                 0.7727,                0.41291,                0.45703,                0.35424,                0.77238,                0.39825,                0.43995,                0.30563,                 1.0624,                 2.4489,                 1.0753,                 1.1192,             0.00023948,             0.00023948,             0.00023948
                     89,                0.94546,                 2.1247,                0.99926,                  1.074,                 0.7473,                0.41987,                0.46033,                0.35593,                0.77367,                0.39417,                0.43809,                0.30355,                 1.0638,                  2.446,                 1.0754,                 1.1098,             0.00023742,             0.00023742,             0.00023742
                     90,                0.93842,                 2.1084,                0.99331,                  1.077,                0.77118,                0.41697,                0.46035,                0.35466,                0.76816,                0.40141,                0.44298,                0.30416,                 1.0649,                 2.4703,                 1.0659,                 1.1125,             0.00023535,             0.00023535,             0.00023535
                     91,                0.94718,                 2.1196,                 1.0089,                  1.074,                0.81365,                0.40011,                0.45574,                0.35051,                0.79565,                0.38946,                0.43526,                0.30104,                 1.0671,                 2.4625,                 1.0925,                 1.1118,             0.00023329,             0.00023329,             0.00023329
                     92,                0.92854,                 2.1078,                0.99294,                  1.075,                0.78971,                0.41449,                0.46068,                0.35728,                0.78988,                 0.3996,                0.44017,                0.30903,                   1.06,                 2.4465,                 1.0641,                 1.1144,             0.00023123,             0.00023123,             0.00023123
                     93,                0.93777,                  2.095,                 0.9904,                 1.0753,                0.78894,                0.40905,                 0.4605,                0.35427,                0.78702,                0.39603,                0.43991,                0.30456,                 1.0728,                 2.4528,                 1.0756,                 1.1219,             0.00022916,             0.00022916,             0.00022916
                     94,                0.92905,                  2.073,                0.99662,                 1.0727,                0.81672,                0.40629,                0.46183,                0.35677,                0.79933,                0.39719,                0.44394,                0.31039,                 1.0525,                 2.4449,                 1.0473,                   1.11,              0.0002271,              0.0002271,              0.0002271
                     95,                0.93234,                  2.087,                0.98546,                 1.0718,                0.79368,                0.41447,                0.46078,                0.35848,                0.80125,                0.39591,                0.44263,                0.30939,                 1.0479,                 2.4367,                 1.0521,                 1.1072,             0.00022503,             0.00022503,             0.00022503
                     96,                0.92897,                 2.0985,                0.97085,                 1.0699,                0.78801,                0.41524,                0.46492,                0.36065,                0.77454,                0.39987,                0.44545,                0.31205,                  1.052,                 2.4466,                 1.0521,                  1.106,             0.00022297,             0.00022297,             0.00022297
                     97,                0.93005,                 2.0861,                0.97175,                 1.0688,                0.79088,                0.41604,                0.46517,                0.36141,                0.77277,                0.40508,                 0.4472,                0.31386,                 1.0472,                 2.4165,                 1.0422,                 1.1069,             0.00022091,             0.00022091,             0.00022091
                     98,                0.92625,                 2.0769,                0.96725,                 1.0703,                0.75053,                 0.4267,                0.46186,                0.35668,                0.79354,                0.39632,                0.44194,                0.30601,                 1.0578,                 2.4431,                 1.0667,                 1.1135,             0.00021884,             0.00021884,             0.00021884
                     99,                0.92502,                 2.0745,                0.96334,                 1.0701,                0.78968,                0.41675,                0.46291,                 0.3622,                0.78616,                0.40323,                0.44634,                0.31332,                   1.05,                 2.4425,                 1.0474,                  1.106,             0.00021678,             0.00021678,             0.00021678
                    100,                0.92011,                 2.0721,                0.95154,                 1.0619,                0.76761,                0.42419,                0.46461,                 0.3623,                0.81362,                 0.3949,                0.44422,                0.31215,                  1.038,                 2.4329,                  1.035,                 1.0965,             0.00021471,             0.00021471,             0.00021471
                    101,                0.93387,                 2.0988,                0.96998,                 1.0667,                0.74872,                 0.4246,                0.46516,                0.36315,                0.73668,                0.40817,                0.44583,                0.31263,                 1.0436,                 2.4406,                 1.0384,                  1.097,             0.00021265,             0.00021265,             0.00021265
                    102,                0.90227,                 2.0145,                 0.9501,                 1.0606,                0.81507,                0.41241,                0.46752,                0.36503,                0.82958,                0.39604,                  0.449,                0.31485,                 1.0437,                 2.4307,                  1.043,                 1.0995,             0.00021059,             0.00021059,             0.00021059
                    103,                0.91293,                 2.0593,                0.95124,                 1.0612,                0.81266,                0.41394,                0.46527,                0.36124,                0.82986,                0.39792,                0.44757,                0.31258,                 1.0369,                 2.4148,                 1.0309,                 1.0998,             0.00020852,             0.00020852,             0.00020852
                    104,                 0.9227,                 2.0662,                0.95584,                 1.0641,                0.77848,                0.42439,                0.46887,                0.36568,                 0.7599,                0.41311,                 0.4495,                0.31502,                  1.037,                 2.4091,                 1.0186,                 1.0956,             0.00020646,             0.00020646,             0.00020646
                    105,                0.91333,                 2.0637,                0.93333,                 1.0585,                0.82716,                 0.4125,                 0.4688,                0.36702,                0.81048,                0.40478,                 0.4505,                0.31533,                 1.0322,                 2.4059,                 1.0238,                 1.0946,             0.00020439,             0.00020439,             0.00020439
                    106,                 0.9301,                 2.0831,                 0.9539,                 1.0615,                0.80068,                0.42032,                0.46693,                0.36654,                0.79403,                0.40954,                0.45066,                0.31452,                 1.0388,                 2.4277,                 1.0293,                 1.0999,             0.00020233,             0.00020233,             0.00020233
                    107,                0.92226,                 2.0675,                0.94286,                 1.0633,                0.80965,                0.41674,                0.46949,                0.36755,                0.79907,                0.40677,                0.45362,                0.31646,                 1.0428,                 2.4234,                 1.0188,                 1.0977,             0.00020026,             0.00020026,             0.00020026
                    108,                0.91582,                 2.0669,                0.92831,                 1.0565,                0.81486,                0.41231,                0.46934,                0.36623,                0.83746,                0.39849,                0.45157,                0.31686,                 1.0253,                 2.4158,                 1.0251,                 1.0942,              0.0001982,              0.0001982,              0.0001982
                    109,                0.90724,                  2.027,                0.91678,                 1.0571,                0.78626,                0.42294,                0.46995,                0.36645,                0.79127,                0.40975,                0.45344,                0.31911,                 1.0338,                 2.4015,                 1.0118,                 1.0971,             0.00019614,             0.00019614,             0.00019614
                    110,                0.90626,                 2.0357,                0.93542,                 1.0602,                0.80271,                0.41992,                0.46984,                 0.3663,                0.78167,                0.40884,                0.45172,                0.31611,                  1.027,                 2.4323,                 1.0159,                 1.0926,             0.00019407,             0.00019407,             0.00019407
                    111,                0.90437,                 2.0238,                0.92074,                 1.0537,                0.83647,                0.41626,                0.47175,                0.37103,                 0.8281,                0.40857,                0.45643,                0.31987,                 1.0153,                 2.4186,                 1.0105,                 1.0829,             0.00019201,             0.00019201,             0.00019201
                    112,                0.91331,                 2.0358,                0.93103,                 1.0616,                0.78897,                0.42908,                0.47164,                0.37029,                0.77905,                0.41912,                0.45695,                0.31937,                 1.0189,                 2.3953,                 1.0157,                 1.0917,             0.00018994,             0.00018994,             0.00018994
                    113,                0.92109,                 2.0406,                0.92897,                 1.0588,                0.79413,                0.42455,                0.47245,                0.36867,                0.80657,                0.40946,                0.45663,                0.31948,                 1.0258,                 2.3835,                  1.012,                 1.0895,             0.00018788,             0.00018788,             0.00018788
                    114,                0.89685,                  2.033,                0.91776,                 1.0549,                0.82415,                0.41869,                0.47155,                0.37028,                 0.8172,                0.40693,                0.45467,                0.31761,                 1.0184,                 2.4041,                 1.0222,                 1.0849,             0.00018582,             0.00018582,             0.00018582
                    115,                 0.9188,                 2.0537,                0.93008,                 1.0642,                0.82511,                0.42246,                0.47486,                0.37304,                 0.8079,                0.40982,                0.45763,                0.32322,                 1.0131,                 2.3877,                 1.0127,                 1.0818,             0.00018375,             0.00018375,             0.00018375
                    116,                0.90442,                 2.0363,                0.92582,                  1.055,                 0.8241,                0.42435,                0.47494,                0.37357,                0.81957,                0.41136,                0.45956,                0.32082,                 1.0186,                 2.3874,                 1.0084,                  1.087,             0.00018169,             0.00018169,             0.00018169
                    117,                0.89894,                 2.0346,                0.91083,                  1.051,                0.80966,                0.42744,                0.47778,                  0.374,                0.79567,                0.41605,                0.46097,                0.32329,                 1.0265,                 2.4054,                0.99993,                 1.0892,             0.00017962,             0.00017962,             0.00017962
                    118,                 0.8931,                 2.0312,                0.90394,                 1.0525,                0.80877,                0.43158,                0.47864,                0.37767,                0.80524,                0.41381,                0.46204,                0.32395,                 1.0107,                 2.3972,                0.99603,                 1.0826,             0.00017756,             0.00017756,             0.00017756
                    119,                0.90628,                  2.031,                0.90562,                 1.0518,                0.81155,                0.43055,                0.48017,                 0.3773,                0.80857,                0.41619,                0.46249,                0.32449,                 1.0129,                 2.3825,                0.98848,                 1.0815,             0.00017549,             0.00017549,             0.00017549
                    120,                0.88492,                 1.9888,                 0.8967,                 1.0471,                0.82905,                0.42307,                 0.4784,                0.37858,                0.81301,                0.41092,                0.46121,                0.32679,                 1.0031,                  2.379,                 0.9845,                 1.0739,             0.00017343,             0.00017343,             0.00017343
                    121,                 0.9028,                 2.0549,                0.90167,                 1.0499,                0.80905,                0.43165,                0.48083,                0.37935,                0.83778,                0.40817,                0.46125,                 0.3246,                 1.0094,                 2.3637,                0.97152,                   1.08,             0.00017137,             0.00017137,             0.00017137
                    122,                0.89691,                  2.026,                0.90216,                 1.0522,                0.81912,                   0.43,                 0.4794,                0.37868,                0.79366,                0.41792,                0.46366,                0.32447,                  1.007,                 2.3666,                0.97623,                 1.0778,              0.0001693,              0.0001693,              0.0001693
                    123,                0.89968,                 2.0152,                0.89449,                 1.0496,                0.82107,                0.42533,                 0.4797,                0.37994,                0.83479,                0.40832,                0.46396,                0.32761,                 1.0042,                 2.3631,                0.98358,                 1.0744,             0.00016724,             0.00016724,             0.00016724
                    124,                0.90562,                 2.0451,                0.90776,                 1.0566,                0.80323,                0.43121,                0.47972,                0.37764,                0.80482,                0.41597,                0.46419,                0.32506,                  1.003,                 2.3695,                0.98172,                 1.0746,             0.00016517,             0.00016517,             0.00016517
                    125,                0.89275,                 2.0183,                 0.8874,                 1.0447,                0.82697,                0.42511,                0.47747,                0.37722,                0.80716,                 0.4133,                0.45935,                0.32387,                 1.0048,                 2.3792,                0.98694,                 1.0795,             0.00016311,             0.00016311,             0.00016311
                    126,                0.88145,                 1.9883,                0.87926,                 1.0412,                 0.8068,                0.43089,                0.47871,                0.37914,                0.78968,                 0.4188,                0.46074,                0.32494,                0.99504,                 2.3441,                 0.9821,                 1.0734,             0.00016105,             0.00016105,             0.00016105
                    127,                0.89101,                 2.0047,                0.88618,                 1.0462,                0.82602,                0.43294,                0.47837,                0.37913,                0.81083,                0.41867,                0.46256,                0.32532,                0.99856,                 2.3596,                0.98119,                 1.0732,             0.00015898,             0.00015898,             0.00015898
                    128,                0.89001,                 1.9951,                0.88985,                 1.0452,                0.82619,                0.42223,                0.47873,                0.37872,                0.81697,                0.41161,                0.46086,                 0.3243,                0.99327,                 2.3482,                0.97495,                 1.0722,             0.00015692,             0.00015692,             0.00015692
                    129,                0.88547,                 2.0141,                0.87901,                 1.0398,                0.83615,                0.42813,                 0.4802,                0.37973,                0.81472,                0.41919,                0.46363,                0.32593,                0.99283,                 2.3546,                0.96721,                 1.0694,             0.00015485,             0.00015485,             0.00015485
                    130,                0.87107,                 1.9805,                0.87012,                 1.0374,                0.83091,                0.43188,                0.48219,                0.37993,                0.81361,                0.41503,                 0.4629,                0.32805,                0.99626,                 2.3504,                 0.9667,                 1.0728,             0.00015279,             0.00015279,             0.00015279
                    131,                0.88432,                 1.9844,                0.88384,                 1.0438,                0.84313,                0.42617,                0.48093,                0.38121,                0.82546,                0.41455,                0.46114,                0.32695,                0.99514,                 2.3506,                0.96458,                 1.0751,             0.00015072,             0.00015072,             0.00015072
                    132,                0.87977,                 2.0041,                0.86494,                 1.0405,                0.85532,                0.42691,                0.48344,                0.38289,                0.84135,                0.41545,                0.46676,                0.32919,                0.98825,                 2.3653,                0.96615,                 1.0718,             0.00014866,             0.00014866,             0.00014866
                    133,                0.87912,                 1.9976,                 0.8742,                 1.0423,                 0.8137,                0.43537,                0.48103,                0.37894,                0.83036,                0.41615,                0.46383,                 0.3259,                0.98809,                 2.3516,                0.96504,                 1.0688,              0.0001466,              0.0001466,              0.0001466
                    134,                0.88194,                 2.0028,                0.86746,                 1.0392,                0.81378,                0.43904,                0.48212,                0.38143,                0.79347,                0.42758,                0.46673,                 0.3292,                0.98811,                 2.3527,                0.96888,                 1.0701,             0.00014453,             0.00014453,             0.00014453
                    135,                0.86825,                 1.9716,                0.85444,                 1.0381,                0.84811,                0.42275,                0.48198,                0.38236,                0.83526,                0.41266,                0.46595,                0.32774,                0.98866,                 2.3699,                0.95885,                 1.0691,             0.00014247,             0.00014247,             0.00014247
                    136,                0.88004,                 2.0028,                 0.8697,                 1.0398,                0.84759,                0.42615,                0.48104,                0.38061,                0.82351,                0.41857,                 0.4649,                0.32782,                  0.984,                 2.3552,                0.96799,                 1.0675,              0.0001404,              0.0001404,              0.0001404
                    137,                0.87902,                 1.9718,                0.85921,                 1.0373,                0.81229,                0.42974,                0.48127,                0.38198,                0.79117,                0.42082,                0.46488,                0.32927,                0.98475,                 2.3427,                0.96464,                 1.0678,             0.00013834,             0.00013834,             0.00013834
                    138,                0.86996,                 1.9661,                0.85367,                  1.034,                 0.8544,                0.42057,                0.47956,                 0.3806,                0.84634,                0.40991,                0.46391,                0.32787,                0.98876,                 2.3538,                0.96887,                 1.0688,             0.00013628,             0.00013628,             0.00013628
                    139,                 0.8743,                 1.9869,                 0.8491,                  1.032,                0.80523,                0.43716,                0.48179,                0.38282,                0.79349,                0.42569,                0.46378,                0.32921,                0.98201,                  2.346,                0.96191,                 1.0668,             0.00013421,             0.00013421,             0.00013421
                    140,                0.87216,                  1.967,                  0.853,                 1.0353,                  0.819,                 0.4387,                 0.4852,                0.38568,                 0.8057,                0.42704,                0.46757,                0.33067,                0.98117,                 2.3414,                0.95213,                 1.0634,             0.00013215,             0.00013215,             0.00013215
                    141,                0.86684,                 1.9577,                0.85781,                 1.0382,                0.82812,                0.43455,                0.48606,                0.38582,                0.81678,                0.42193,                0.46774,                0.33248,                0.97881,                 2.3366,                0.94869,                 1.0631,             0.00013008,             0.00013008,             0.00013008
                    142,                0.87269,                 1.9741,                0.84088,                 1.0323,                0.83657,                0.43125,                0.48387,                0.38441,                0.81169,                0.41983,                0.46497,                0.33051,                0.98293,                 2.3392,                 0.9572,                 1.0657,             0.00012802,             0.00012802,             0.00012802
                    143,                0.88722,                 1.9997,                0.86097,                 1.0405,                0.81808,                0.43488,                0.48371,                0.38452,                0.82197,                0.41915,                0.46602,                0.33179,                0.98263,                 2.3145,                 0.9532,                 1.0674,             0.00012595,             0.00012595,             0.00012595
                    144,                0.85979,                 1.9419,                 0.8295,                 1.0273,                0.81973,                0.43744,                0.48403,                0.38712,                0.81597,                0.42242,                0.46683,                0.33221,                0.97625,                 2.3257,                0.95217,                 1.0643,             0.00012389,             0.00012389,             0.00012389
                    145,                0.86631,                 1.9658,                0.84131,                 1.0316,                0.81444,                0.43923,                0.48641,                0.38675,                0.79441,                0.42533,                 0.4681,                0.33286,                0.97784,                 2.3163,                0.94272,                 1.0629,             0.00012183,             0.00012183,             0.00012183
                    146,                0.88048,                 1.9787,                0.84793,                 1.0366,                 0.8437,                0.43293,                0.48601,                0.38626,                0.82528,                0.42276,                0.46989,                0.33236,                0.97821,                 2.3215,                0.94861,                 1.0641,             0.00011976,             0.00011976,             0.00011976
                    147,                0.87416,                 1.9642,                0.84205,                 1.0321,                0.82492,                0.43744,                0.48793,                0.38705,                0.80935,                0.42627,                0.47064,                0.33264,                0.98042,                 2.3325,                0.95543,                 1.0657,              0.0001177,              0.0001177,              0.0001177
                    148,                0.84776,                 1.9176,                0.82579,                 1.0254,                0.80728,                0.44142,                0.48662,                0.38797,                0.80811,                0.42635,                0.46913,                0.33255,                0.97506,                 2.3322,                 0.9435,                 1.0638,             0.00011563,             0.00011563,             0.00011563
                    149,                0.86067,                 1.9316,                0.83623,                 1.0281,                0.83159,                0.43551,                0.48497,                0.38762,                0.81837,                0.42408,                 0.4685,                0.33252,                0.97572,                 2.3392,                0.94373,                 1.0604,             0.00011357,             0.00011357,             0.00011357
                    150,                0.85178,                 1.9222,                0.81743,                  1.025,                0.81284,                0.44124,                0.48543,                0.38746,                0.79219,                0.43164,                0.46836,                0.33275,                0.97141,                 2.3262,                0.93828,                 1.0576,             0.00011151,             0.00011151,             0.00011151
                    151,                0.86346,                 1.9614,                0.82212,                  1.028,                0.80632,                0.44074,                0.48803,                0.38889,                0.82365,                0.42105,                0.46976,                0.33313,                0.97544,                 2.3285,                0.93745,                 1.0603,             0.00010944,             0.00010944,             0.00010944
                    152,                0.86802,                 1.9617,                0.83257,                 1.0281,                0.80658,                0.44047,                0.48647,                0.38897,                0.79977,                0.42773,                0.46978,                0.33323,                0.97303,                 2.3313,                 0.9397,                 1.0597,             0.00010738,             0.00010738,             0.00010738
                    153,                0.85912,                 1.9568,                0.83088,                 1.0297,                0.82375,                0.43687,                0.48698,                0.38886,                0.82585,                0.42151,                0.46862,                0.33214,                 0.9676,                 2.3193,                0.94387,                  1.057,             0.00010531,             0.00010531,             0.00010531
                    154,                0.86416,                 1.9489,                0.82627,                 1.0256,                0.82669,                0.43871,                0.48723,                0.38864,                0.81214,                0.42776,                0.47054,                0.33115,                0.96787,                 2.3189,                0.94461,                 1.0547,             0.00010325,             0.00010325,             0.00010325
                    155,                  0.849,                  1.922,                0.81575,                 1.0229,                0.82031,                 0.4398,                0.48963,                0.39013,                0.84988,                0.42007,                0.47016,                 0.3319,                0.96925,                 2.3288,                0.93861,                 1.0553,             0.00010119,             0.00010119,             0.00010119
                    156,                0.85421,                 1.9321,                0.81427,                  1.019,                 0.8297,                0.43666,                0.48916,                0.38977,                0.82507,                0.42497,                 0.4715,                0.33272,                0.96708,                 2.3185,                0.93464,                 1.0547,             9.9121e-05,             9.9121e-05,             9.9121e-05
                    157,                0.84269,                 1.9374,                0.80465,                 1.0174,                 0.8084,                0.44702,                0.48835,                0.38985,                0.80081,                 0.4292,                0.46963,                0.33249,                0.96311,                  2.317,                0.93429,                  1.054,             9.7057e-05,             9.7057e-05,             9.7057e-05
                    158,                0.83933,                 1.9097,                0.80716,                 1.0198,                0.81567,                0.44231,                0.48825,                0.38976,                0.80882,                0.42895,                0.47063,                 0.3339,                0.96494,                 2.3133,                0.93654,                 1.0551,             9.4993e-05,             9.4993e-05,             9.4993e-05
                    159,                0.84997,                 1.9414,                 0.8026,                 1.0246,                0.82904,                0.44279,                0.48839,                0.39166,                0.83419,                0.42589,                0.47142,                0.33347,                0.96177,                 2.3029,                 0.9323,                 1.0537,             9.2928e-05,             9.2928e-05,             9.2928e-05
                    160,                 0.8584,                 1.9448,                0.82349,                 1.0258,                0.82884,                0.44152,                0.48737,                0.39095,                0.81581,                0.42916,                0.46951,                0.33387,                0.96063,                 2.3082,                0.93178,                 1.0534,             9.0864e-05,             9.0864e-05,             9.0864e-05
                    161,                0.85371,                 1.9235,                0.80629,                 1.0218,                0.82485,                0.44054,                0.48805,                0.39037,                0.83077,                0.42386,                0.47026,                0.33432,                0.96552,                 2.3196,                0.93013,                 1.0577,               8.88e-05,               8.88e-05,               8.88e-05
                    162,                 0.8579,                 1.9394,                0.81166,                 1.0268,                0.82309,                0.44399,                0.48872,                0.39048,                0.81809,                0.42586,                0.46999,                0.33292,                0.96441,                 2.3215,                0.93203,                  1.057,             8.6736e-05,             8.6736e-05,             8.6736e-05
                    163,                0.84452,                 1.9183,                0.80145,                 1.0234,                0.83212,                0.44144,                0.48795,                0.38965,                0.81207,                0.42869,                0.46988,                0.33222,                0.96398,                 2.3209,                0.93255,                 1.0558,             8.4672e-05,             8.4672e-05,             8.4672e-05
                    164,                0.84401,                 1.9173,                0.79894,                  1.019,                0.82707,                0.44355,                0.48779,                0.38941,                0.81293,                0.42914,                 0.4701,                0.33287,                0.96425,                 2.3187,                0.93477,                 1.0552,             8.2608e-05,             8.2608e-05,             8.2608e-05
                    165,                0.84327,                 1.9153,                0.80592,                 1.0223,                 0.8262,                 0.4457,                0.48954,                 0.3902,                0.81037,                0.43144,                0.47143,                0.33359,                0.96546,                 2.3133,                0.93292,                 1.0581,             8.0544e-05,             8.0544e-05,             8.0544e-05
                    166,                0.82674,                 1.8792,                  0.792,                 1.0127,                0.82636,                 0.4491,                0.48958,                0.39132,                0.81217,                0.43213,                0.47181,                0.33503,                0.96275,                 2.3056,                 0.9309,                 1.0565,             7.8479e-05,             7.8479e-05,             7.8479e-05
                    167,                0.84897,                  1.925,                0.79936,                 1.0172,                0.80288,                0.45176,                0.48961,                0.39171,                0.82375,                0.42783,                0.47273,                0.33523,                0.95982,                 2.3115,                  0.931,                 1.0522,             7.6415e-05,             7.6415e-05,             7.6415e-05
                    168,                0.84423,                 1.9112,                0.80357,                  1.016,                0.81744,                  0.447,                0.48925,                0.38973,                0.80605,                0.43234,                 0.4718,                0.33473,                 0.9588,                 2.3169,                0.93074,                 1.0508,             7.4351e-05,             7.4351e-05,             7.4351e-05
                    169,                0.83983,                 1.9045,                0.79136,                 1.0159,                0.83786,                0.44127,                0.48957,                0.39045,                0.83851,                0.42579,                0.47227,                0.33519,                0.95765,                  2.313,                0.92957,                 1.0509,             7.2287e-05,             7.2287e-05,             7.2287e-05
                    170,                0.83243,                 1.9188,                 0.7834,                 1.0124,                  0.831,                0.44273,                0.48913,                0.39123,                0.83344,                 0.4266,                0.47166,                0.33438,                0.95904,                 2.3103,                0.93238,                 1.0525,             7.0223e-05,             7.0223e-05,             7.0223e-05
                    171,                0.84458,                 1.9202,                0.78722,                 1.0185,                 0.8333,                0.44537,                 0.4901,                0.39241,                0.82754,                0.42923,                0.47192,                0.33489,                0.95759,                 2.3158,                0.92925,                 1.0522,             6.8159e-05,             6.8159e-05,             6.8159e-05
                    172,                0.84037,                 1.9016,                0.80055,                 1.0179,                0.83122,                  0.447,                0.49037,                0.39325,                0.82847,                0.42943,                0.47297,                0.33658,                0.95501,                  2.308,                0.92529,                 1.0525,             6.6095e-05,             6.6095e-05,             6.6095e-05
                    173,                0.83725,                 1.8992,                0.77888,                 1.0112,                0.83424,                0.44408,                0.49169,                0.39426,                0.84654,                0.42649,                0.47388,                0.33599,                0.95379,                 2.3051,                0.92047,                 1.0505,              6.403e-05,              6.403e-05,              6.403e-05
                    174,                0.84259,                 1.9205,                0.78492,                 1.0159,                0.83961,                0.44124,                0.49071,                0.39467,                0.84404,                0.42534,                0.47424,                0.33823,                0.95294,                 2.3002,                0.92274,                 1.0492,             6.1966e-05,             6.1966e-05,             6.1966e-05
                    175,                 0.8337,                 1.9005,                0.77912,                 1.0098,                0.84613,                 0.4408,                0.49066,                0.39482,                0.83935,                0.42686,                0.47523,                0.33953,                0.95111,                 2.3006,                 0.9202,                 1.0477,             5.9902e-05,             5.9902e-05,             5.9902e-05
                    176,                0.82768,                   1.87,                0.77322,                 1.0127,                0.83332,                0.44626,                0.49235,                0.39585,                0.83377,                0.42957,                0.47657,                0.33985,                0.95011,                 2.3016,                0.91556,                 1.0488,             5.7838e-05,             5.7838e-05,             5.7838e-05
                    177,                0.83661,                 1.9066,                0.78369,                 1.0163,                0.83633,                0.44609,                0.49241,                0.39595,                0.82366,                 0.4326,                0.47648,                0.34036,                0.94894,                 2.3038,                0.91249,                 1.0474,             5.5774e-05,             5.5774e-05,             5.5774e-05
                    178,                0.82633,                 1.8776,                0.77282,                 1.0093,                0.83273,                0.44859,                0.49234,                0.39633,                0.82847,                0.43198,                0.47591,                0.33945,                0.94939,                  2.302,                0.91444,                 1.0477,              5.371e-05,              5.371e-05,              5.371e-05
                    179,                0.84243,                  1.919,                0.78545,                 1.0147,                0.83725,                0.44884,                0.49257,                0.39644,                0.81935,                0.43546,                0.47662,                0.33978,                0.94948,                 2.2967,                0.91618,                 1.0492,             5.1645e-05,             5.1645e-05,             5.1645e-05
                    180,                0.82823,                 1.8994,                0.76688,                 1.0102,                0.84092,                0.44714,                0.49405,                0.39702,                0.81855,                0.43375,                0.47567,                0.33975,                0.94849,                 2.2986,                0.91448,                 1.0486,             4.9581e-05,             4.9581e-05,             4.9581e-05
                    181,                0.83184,                 1.9122,                0.77926,                 1.0125,                0.84503,                0.44422,                0.49341,                0.39769,                0.82376,                0.43179,                0.47525,                0.33931,                 0.9471,                 2.3038,                0.91581,                 1.0467,             4.7517e-05,             4.7517e-05,             4.7517e-05
                    182,                 0.8244,                 1.8802,                0.76343,                 1.0096,                0.84709,                0.44388,                0.49337,                0.39736,                0.82582,                  0.433,                0.47696,                0.33942,                0.94752,                 2.3041,                0.91321,                 1.0471,             4.5453e-05,             4.5453e-05,             4.5453e-05
                    183,                0.84026,                 1.9126,                0.78134,                  1.013,                0.84477,                0.44461,                0.49379,                0.39775,                0.82616,                0.43375,                0.47807,                0.34032,                 0.9453,                 2.3049,                0.91021,                  1.046,             4.3389e-05,             4.3389e-05,             4.3389e-05
                    184,                0.83367,                 1.9067,                0.77367,                 1.0095,                0.83713,                0.45023,                0.49466,                0.39912,                  0.813,                0.43784,                0.47752,                0.34171,                0.94385,                 2.2976,                0.91181,                 1.0442,             4.1325e-05,             4.1325e-05,             4.1325e-05
                    185,                0.81496,                 1.8713,                0.76254,                 1.0029,                0.84048,                0.44769,                0.49394,                 0.3992,                  0.838,                0.43262,                0.47768,                0.34043,                0.94321,                 2.2959,                0.91028,                 1.0446,             3.9261e-05,             3.9261e-05,             3.9261e-05
                    186,                 0.8126,                 1.8515,                0.75757,                 1.0016,                0.83751,                0.44816,                0.49462,                  0.399,                0.83438,                0.43243,                0.47728,                0.33981,                0.94177,                 2.2964,                0.91129,                 1.0427,             3.7196e-05,             3.7196e-05,             3.7196e-05
                    187,                0.82002,                 1.8888,                0.75883,                 1.0073,                0.84999,                0.44581,                0.49488,                0.39805,                0.83668,                0.43184,                0.47733,                0.34058,                0.94036,                 2.2988,                0.90897,                 1.0426,             3.5132e-05,             3.5132e-05,             3.5132e-05
                    188,                0.80242,                 1.8562,                0.75315,                 1.0073,                0.82862,                0.44992,                0.49457,                0.39942,                0.83739,                0.43026,                0.47653,                0.34099,                0.93887,                 2.3002,                0.90787,                 1.0409,             3.3068e-05,             3.3068e-05,             3.3068e-05
                    189,                0.82391,                 1.8818,                0.76862,                 1.0079,                0.84314,                0.44564,                0.49527,                0.39976,                0.83553,                 0.4318,                0.47676,                0.34099,                0.93718,                 2.2963,                0.90497,                   1.04,             3.1004e-05,             3.1004e-05,             3.1004e-05
                    190,                0.81593,                  1.853,                 0.7523,                  1.004,                0.84342,                0.44835,                0.49597,                0.40079,                 0.8283,                0.43253,                 0.4779,                 0.3413,                0.93687,                 2.3047,                0.90379,                 1.0398,              2.894e-05,              2.894e-05,              2.894e-05
                    191,                0.91454,                 2.0251,                0.78858,                 1.0449,                0.82215,                 0.4474,                0.49227,                0.39524,                0.83031,                0.42881,                0.47262,                0.33775,                0.94906,                 2.3185,                0.91095,                 1.0465,             2.6876e-05,             2.6876e-05,             2.6876e-05
                    192,                0.88985,                 1.9805,                0.74236,                   1.03,                0.85922,                0.44137,                0.48987,                0.39273,                0.84258,                0.42649,                0.47218,                0.33498,                0.95402,                 2.3238,                0.91876,                  1.049,             2.4812e-05,             2.4812e-05,             2.4812e-05
                    193,                0.88702,                 1.9697,                0.72968,                 1.0242,                0.85676,                0.44049,                0.49003,                0.39272,                0.83814,                0.42806,                0.47309,                0.33539,                0.95547,                 2.3256,                0.92247,                 1.0503,             2.2747e-05,             2.2747e-05,             2.2747e-05
                    194,                0.88771,                 1.9713,                0.71929,                 1.0302,                0.84423,                0.44286,                0.49038,                0.39439,                0.84276,                0.42741,                0.47333,                0.33645,                0.95315,                 2.3229,                0.92036,                 1.0497,             2.0683e-05,             2.0683e-05,             2.0683e-05
                    195,                0.88514,                 1.9643,                 0.7192,                 1.0261,                0.83022,                0.44661,                0.49129,                0.39576,                0.84897,                0.42595,                0.47555,                0.33694,                0.95092,                 2.3201,                0.91606,                  1.047,             1.8619e-05,             1.8619e-05,             1.8619e-05
                    196,                0.87588,                 1.9514,                0.71596,                 1.0256,                0.86606,                0.43996,                0.49173,                0.39623,                0.84789,                0.42494,                0.47529,                0.33743,                0.94827,                 2.3139,                0.91356,                 1.0462,             1.6555e-05,             1.6555e-05,             1.6555e-05
                    197,                0.86979,                 1.9496,                0.71738,                  1.024,                0.86983,                0.44043,                0.49198,                0.39685,                0.85155,                0.42712,                0.47578,                0.33746,                0.94757,                 2.3112,                0.91222,                  1.046,             1.4491e-05,             1.4491e-05,             1.4491e-05
                    198,                0.87213,                 1.9349,                0.70476,                 1.0187,                0.87892,                0.43959,                0.49279,                 0.3974,                0.85584,                 0.4271,                 0.4762,                0.33882,                0.94546,                 2.3076,                0.91015,                 1.0451,             1.2427e-05,             1.2427e-05,             1.2427e-05
                    199,                0.87288,                 1.9468,                0.70518,                 1.0195,                0.85198,                 0.4428,                 0.4917,                0.39698,                0.84499,                 0.4284,                0.47591,                0.33876,                0.94452,                 2.3119,                0.90854,                 1.0445,             1.0362e-05,             1.0362e-05,             1.0362e-05
                    200,                0.86172,                 1.9144,                0.69933,                 1.0125,                0.85892,                0.44257,                0.49178,                0.39713,                0.83857,                0.43134,                0.47609,                0.33891,                0.94472,                  2.311,                0.90756,                 1.0447,             8.2983e-06,             8.2983e-06,             8.2983e-06
